date,label,modifiers,n,pred_range_atr,pred_range_atr_lo,pred_range_atr_hi,pred_range_atr_p25,pred_range_atr_p75,pred_close_up_pct,pred_close_up_lo,pred_close_up_hi,pred_big_range_pct,pred_small_range_pct,real_range_atr,real_up_exc,real_dn_exc,real_close_up
2026-09-14,COILED,BIG_GAP,1131,0.79,0.77,0.809,0.555,0.952,,,,7.5,47.099999999999994,1.297581283541302,1.2225953720032687,0.0749859115380334,1.0
2026-09-15,NEUTRAL,EVENT,2977,0.925,0.912,0.939,0.659,1.107,52.1,50.3,53.9,13.8,29.299999999999997,0.7207553060308417,0.0893344616218824,0.6314208444089593,0.0
2026-09-16,NEUTRAL,EVENT,2977,0.925,0.912,0.939,0.659,1.107,52.1,50.3,53.9,13.8,29.299999999999997,1.4486037126414757,0.4731133979953894,0.975490314646086,0.0
2026-09-17,NEUTRAL,,2978,0.925,0.913,0.939,0.659,1.107,52.0,50.3,53.9,13.8,29.2,0.5828920739129944,0.2581000154519313,0.324792058461063,1.0
2026-09-18,NEUTRAL,,2979,0.925,0.912,0.938,0.659,1.107,52.1,50.2,53.7,13.8,29.299999999999997,0.7987685855792304,0.3467901896241743,0.451978395955056,1.0
2026-09-21,NEUTRAL,,2980,0.925,0.912,0.938,0.659,1.107,52.1,50.2,53.9,13.8,29.299999999999997,1.8625696729066592,1.852898182667229,0.0096714902394302,1.0
2026-09-22,EXPANDED,,693,1.089,1.05,1.13,0.756,1.289,53.0,48.9,56.7,24.4,19.9,0.8209306974017941,0.8154001572050987,0.0055305401966954,1.0
2026-09-24,NEUTRAL,,2981,0.926,0.912,0.939,0.659,1.107,52.1,50.3,53.9,13.8,29.299999999999997,0.8983212609927177,0.8234628608020426,0.0748584001906751,1.0
2026-09-25,STRETCHED,,970,0.905,0.876,0.933,0.614,1.058,55.8,52.6,58.9,14.499999999999998,37.3,0.6901443594376944,0.3395753597583142,0.3505689996793801,1.0
2026-09-28,EXPANDED,,695,1.089,1.051,1.129,0.757,1.289,52.9,49.4,56.7,24.3,19.9,1.09820845071194,0.1076853503625171,0.9905231003494228,0.0
2026-09-29,NEUTRAL,,2982,0.926,0.911,0.939,0.659,1.107,52.1,50.4,54.0,13.8,29.2,0.5754437046852828,0.0472208090610331,0.5282228956242496,0.0
2026-09-30,NEUTRAL,,2983,0.925,0.912,0.939,0.659,1.107,52.1,50.4,53.8,13.8,29.299999999999997,0.6165907313544778,0.536785253869498,0.0798054774849797,0.0
2026-10-01,STRETCHED,,971,0.905,0.877,0.934,0.614,1.058,55.8,52.7,58.8,14.499999999999998,37.4,0.9460129455918947,0.2426801311428643,0.7033328144490305,0.0
2026-10-02,STRETCHED,EVENT,972,0.905,0.877,0.933,0.614,1.058,55.8,52.6,58.7,14.499999999999998,37.3,0.771469123703342,0.35547053161383757,0.4159985920895044,0
